{
    "ad_spend_search/panel-0/half_max": 50900.278668289622,
    "ad_spend_search/panel-0/max_effect": 9999990.9999999907,
    "ad_spend_search/panel-0/slope": 2.997783480866924,
    "ad_spend_search/panel-1/half_max": 50900.278668289622,
    "ad_spend_search/panel-1/max_effect": 9999990.9999999907,
    "ad_spend_search/panel-1/slope": 2.997783480866924,
    "ad_spend_social_media/panel-0/adstock/decay": 0.7,
    "ad_spend_social_media/panel-0/saturation/half_max": 40191.355816297553,
    "ad_spend_social_media/panel-0/saturation/max_effect": 2999900.99999999367,
    "ad_spend_social_media/panel-0/saturation/slope": 1.5001793528982645,
    "ad_spend_social_media/panel-1/adstock/decay": 0.7,
    "ad_spend_social_media/panel-1/saturation/half_max": 40191.355816297553,
    "ad_spend_social_media/panel-1/saturation/max_effect": 2999900.99999999367,
    "ad_spend_social_media/panel-1/saturation/slope": 1.5001793528982645,
    "monthly_seasonality/panel-0/coefs": [
        0.00011973567107168396,
        0.06285272931292027,
        0.032378026547478456,
        0.013657870054235539,
        0.03033638960632393,
        -0.08104159802231667,
        0.01885639091301188,
        0.03244363958566386,
        -0.06156147765043078,
        0.008281988985543847
    ],
    "monthly_seasonality/panel-1/coefs": [
        0.00011973567107168396,
        0.06285272931292027,
        0.032378026547478456,
        0.013657870054235539,
        0.03033638960632393,
        -0.08104159802231667,
        0.01885639091301188,
        0.03244363958566386,
        -0.06156147765043078,
        0.008281988985543847
    ],
    "panel-0/noise_scale": 0.035900993335426706,
    "panel-1/noise_scale": 0.035900993335426706,
    "trend/panel-0/changepoint_coefficients": [
        9711.858371033915,
        169.1096312483628,
        1524.7922167673978,
        454.13515337460717,
        -40.74636411144731,
        255.93906331106825,
        262.9987037379233,
        442.11182195136325,
        -915.9070687299196,
        -540.4821459924445,
        -317.5289654620647,
        585.3663808321184,
        -188.107930485118,
        2073.4376453864265,
        119.19632431036808,
        899.0892312351363,
        2662.2662411107594,
        788.0192088648768
    ],
    "trend/panel-0/offset": [
        9999.87712924706
    ],
    "trend/panel-1/changepoint_coefficients": [
        9711.858371033915,
        169.1096312483628,
        1524.7922167673978,
        454.13515337460717,
        -40.74636411144731,
        255.93906331106825,
        262.9987037379233,
        442.11182195136325,
        -915.9070687299196,
        -540.4821459924445,
        -317.5289654620647,
        585.3663808321184,
        -188.107930485118,
        2073.4376453864265,
        119.19632431036808,
        899.0892312351363,
        2662.2662411107594,
        788.0192088648768
    ],
    "trend/panel-1/offset": [
        9999.87712924706
    ],
    "weekly_seasonality/panel-0/coefs": [
        -0.01765222971114911,
        0.0004570187078290861,
        -0.0022330583834297346,
        0.0052626692699564446,
        -0.02369986940563256,
        0.006664146232619787
    ],
    "weekly_seasonality/panel-1/coefs": [
        -0.01765222971114911,
        0.0004570187078290861,
        -0.0022330583834297346,
        0.0052626692699564446,
        -0.02369986940563256,
        0.006664146232619787
    ],
    "yearly_seasonality/panel-0/coefs": [
        0.0060877260491184184,
        -0.013609998156106392,
        0.05190504056846946,
        -0.02863691411266535,
        -0.004229766558144349,
        -0.08444327716186356
    ],
    "yearly_seasonality/panel-1/coefs": [
        0.0060877260491184184,
        -0.013609998156106392,
        0.05190504056846946,
        -0.02863691411266535,
        -0.004229766558144349,
        -0.08444327716186356
    ]
}